Request Datetime,id,status,price,free
2023-07-15 12:03:15.505021+02:00,DESWDE024501,3,,
2023-07-15 12:03:15.505021+02:00,DESWDE024502,2,,
2023-07-15 12:03:15.505021+02:00,DESWDE024601,3,,
2023-07-15 12:03:15.505021+02:00,DESWDE024602,2,,
2023-07-15 12:03:16.497254+02:00,DESWDE037701,2,,
2023-07-15 12:03:16.497254+02:00,DESWDE037702,2,,
2023-07-15 12:03:16.497254+02:00,DESWDE037703,2,,
2023-07-15 12:03:16.497254+02:00,DESWDE037704,3,,
2023-07-15 12:03:17.290332+02:00,DESWDE000012101,3,,
2023-07-15 12:03:17.290332+02:00,DESWDE000012102,2,,
2023-07-15 12:03:18.070410+02:00,DESWDE023801,2,,
2023-07-15 12:03:18.868380+02:00,DESWDE019501,2,,
2023-07-15 12:03:18.868380+02:00,DESWDE019502,2,,
2023-07-15 12:03:19.723896+02:00,DESWDE036901,2,,
2023-07-15 12:03:19.723896+02:00,DESWDE036902,3,,
2023-07-15 12:18:21.954812+02:00,DESWDE024501,3,,
2023-07-15 12:18:21.954812+02:00,DESWDE024502,3,,
2023-07-15 12:18:21.954812+02:00,DESWDE024601,3,,
2023-07-15 12:18:21.954812+02:00,DESWDE024602,2,,
2023-07-15 12:18:22.755229+02:00,DESWDE037701,2,,
2023-07-15 12:18:22.755229+02:00,DESWDE037702,2,,
2023-07-15 12:18:22.755229+02:00,DESWDE037703,2,,
2023-07-15 12:18:22.755229+02:00,DESWDE037704,3,,
2023-07-15 12:18:23.575083+02:00,DESWDE000012101,3,,
2023-07-15 12:18:23.575083+02:00,DESWDE000012102,2,,
2023-07-15 12:18:24.435292+02:00,DESWDE023801,2,,
2023-07-15 12:18:25.250516+02:00,DESWDE019501,2,,
2023-07-15 12:18:25.250516+02:00,DESWDE019502,2,,
2023-07-15 12:18:26.043352+02:00,DESWDE036901,2,,
2023-07-15 12:18:26.043352+02:00,DESWDE036902,3,,
2023-07-15 12:27:07.198760+02:00,DESWDE024501,3,,
2023-07-15 12:27:07.198760+02:00,DESWDE024502,3,,
2023-07-15 12:27:07.198760+02:00,DESWDE024601,3,,
2023-07-15 12:27:07.198760+02:00,DESWDE024602,2,,
2023-07-15 12:27:08.035322+02:00,DESWDE037701,2,,
2023-07-15 12:27:08.035322+02:00,DESWDE037702,2,,
2023-07-15 12:27:08.035322+02:00,DESWDE037703,2,,
2023-07-15 12:27:08.035322+02:00,DESWDE037704,3,,
2023-07-15 12:27:08.873145+02:00,DESWDE000012101,3,,
2023-07-15 12:27:08.873145+02:00,DESWDE000012102,2,,
2023-07-15 12:27:09.656257+02:00,DESWDE023801,2,,
2023-07-15 12:27:10.468979+02:00,DESWDE019501,2,,
2023-07-15 12:27:10.468979+02:00,DESWDE019502,2,,
2023-07-15 12:27:11.303215+02:00,DESWDE036901,2,,
2023-07-15 12:27:11.303215+02:00,DESWDE036902,3,,
2023-07-15 12:36:29.087436+02:00,DESWDE024501,3,,
2023-07-15 12:36:29.087436+02:00,DESWDE024502,3,,
2023-07-15 12:36:29.087436+02:00,DESWDE024601,3,,
2023-07-15 12:36:29.087436+02:00,DESWDE024602,2,,
2023-07-15 12:36:29.652685+02:00,DESWDE037701,2,,
2023-07-15 12:36:29.652685+02:00,DESWDE037702,2,,
2023-07-15 12:36:29.652685+02:00,DESWDE037703,2,,
2023-07-15 12:36:29.652685+02:00,DESWDE037704,3,,
2023-07-15 12:36:30.198856+02:00,DESWDE000012101,3,,
2023-07-15 12:36:30.198856+02:00,DESWDE000012102,2,,
2023-07-15 12:36:30.799313+02:00,DESWDE023801,2,,
2023-07-15 12:36:31.378964+02:00,DESWDE019501,2,,
2023-07-15 12:36:31.378964+02:00,DESWDE019502,2,,
2023-07-15 12:36:31.889143+02:00,DESWDE036901,2,,
2023-07-15 12:36:31.889143+02:00,DESWDE036902,3,,
2023-07-15 12:43:14.758260+02:00,DESWDE024501,3,,
2023-07-15 12:43:14.758260+02:00,DESWDE024502,3,,
2023-07-15 12:43:14.758260+02:00,DESWDE024601,3,,
2023-07-15 12:43:14.758260+02:00,DESWDE024602,2,,
2023-07-15 12:43:15.605496+02:00,DESWDE037701,2,,
2023-07-15 12:43:15.605496+02:00,DESWDE037702,2,,
2023-07-15 12:43:15.605496+02:00,DESWDE037703,2,,
2023-07-15 12:43:15.605496+02:00,DESWDE037704,3,,
2023-07-15 12:43:16.508429+02:00,DESWDE000012101,3,,
2023-07-15 12:43:16.508429+02:00,DESWDE000012102,2,,
2023-07-15 12:43:17.298139+02:00,DESWDE023801,2,,
2023-07-15 12:43:18.699773+02:00,DESWDE019501,2,,
2023-07-15 12:43:18.699773+02:00,DESWDE019502,2,,
2023-07-15 12:43:19.565353+02:00,DESWDE036901,2,,
2023-07-15 12:43:19.565353+02:00,DESWDE036902,3,,
2023-07-15 12:52:02.766617+02:00,DESWDE024501,3,,
2023-07-15 12:52:02.766617+02:00,DESWDE024502,3,,
2023-07-15 12:52:02.766617+02:00,DESWDE024601,3,,
2023-07-15 12:52:02.766617+02:00,DESWDE024602,2,,
2023-07-15 12:52:03.335476+02:00,DESWDE037701,2,,
2023-07-15 12:52:03.335476+02:00,DESWDE037702,2,,
2023-07-15 12:52:03.335476+02:00,DESWDE037703,2,,
2023-07-15 12:52:03.335476+02:00,DESWDE037704,3,,
2023-07-15 12:52:03.928983+02:00,DESWDE000012101,3,,
2023-07-15 12:52:03.928983+02:00,DESWDE000012102,2,,
2023-07-15 12:52:04.476910+02:00,DESWDE023801,2,,
2023-07-15 12:52:05.033211+02:00,DESWDE019501,2,,
2023-07-15 12:52:05.033211+02:00,DESWDE019502,2,,
2023-07-15 12:52:05.569802+02:00,DESWDE036901,2,,
2023-07-15 12:52:05.569802+02:00,DESWDE036902,3,,
2023-07-15 13:06:01.978449+02:00,DESWDE024501,3,,
2023-07-15 13:06:01.978449+02:00,DESWDE024502,3,,
2023-07-15 13:06:01.978449+02:00,DESWDE024601,3,,
2023-07-15 13:06:01.978449+02:00,DESWDE024602,2,,
2023-07-15 13:06:02.649772+02:00,DESWDE037701,2,,
2023-07-15 13:06:02.649772+02:00,DESWDE037702,2,,
2023-07-15 13:06:02.649772+02:00,DESWDE037703,2,,
2023-07-15 13:06:02.649772+02:00,DESWDE037704,3,,
2023-07-15 13:06:03.325474+02:00,DESWDE000012101,3,,
2023-07-15 13:06:03.325474+02:00,DESWDE000012102,2,,
2023-07-15 13:06:03.970814+02:00,DESWDE023801,2,,
2023-07-15 13:06:04.717906+02:00,DESWDE019501,2,,
2023-07-15 13:06:04.717906+02:00,DESWDE019502,2,,
2023-07-15 13:06:05.411040+02:00,DESWDE036901,2,,
2023-07-15 13:06:05.411040+02:00,DESWDE036902,3,,
2023-07-15 13:17:26.808113+02:00,DESWDE024501,3,,
2023-07-15 13:17:26.808113+02:00,DESWDE024502,3,,
2023-07-15 13:17:26.808113+02:00,DESWDE024601,3,,
2023-07-15 13:17:26.808113+02:00,DESWDE024602,2,,
2023-07-15 13:17:27.702368+02:00,DESWDE037701,2,,
2023-07-15 13:17:27.702368+02:00,DESWDE037702,2,,
2023-07-15 13:17:27.702368+02:00,DESWDE037703,2,,
2023-07-15 13:17:27.702368+02:00,DESWDE037704,3,,
2023-07-15 13:17:28.523160+02:00,DESWDE000012101,3,,
2023-07-15 13:17:28.523160+02:00,DESWDE000012102,2,,
2023-07-15 13:17:29.348963+02:00,DESWDE023801,3,,
2023-07-15 13:17:30.186716+02:00,DESWDE019501,2,,
2023-07-15 13:17:30.186716+02:00,DESWDE019502,3,,
2023-07-15 13:17:30.997261+02:00,DESWDE036901,2,,
2023-07-15 13:17:30.997261+02:00,DESWDE036902,3,,
2023-07-15 13:24:27.545906+02:00,DESWDE024501,2,,
2023-07-15 13:24:27.545906+02:00,DESWDE024502,3,,
2023-07-15 13:24:27.545906+02:00,DESWDE024601,3,,
2023-07-15 13:24:27.545906+02:00,DESWDE024602,2,,
2023-07-15 13:24:28.119959+02:00,DESWDE037701,2,,
2023-07-15 13:24:28.119959+02:00,DESWDE037702,2,,
2023-07-15 13:24:28.119959+02:00,DESWDE037703,2,,
2023-07-15 13:24:28.119959+02:00,DESWDE037704,3,,
2023-07-15 13:24:28.702228+02:00,DESWDE000012101,3,,
2023-07-15 13:24:28.702228+02:00,DESWDE000012102,2,,
2023-07-15 13:24:29.232050+02:00,DESWDE023801,3,,
2023-07-15 13:24:29.775767+02:00,DESWDE019501,3,,
2023-07-15 13:24:29.775767+02:00,DESWDE019502,3,,
2023-07-15 13:24:30.477062+02:00,DESWDE036901,2,,
2023-07-15 13:24:30.477062+02:00,DESWDE036902,3,,
2023-07-15 13:32:27.102665+02:00,DESWDE024501,2,,
2023-07-15 13:32:27.102665+02:00,DESWDE024502,3,,
2023-07-15 13:32:27.102665+02:00,DESWDE024601,3,,
2023-07-15 13:32:27.102665+02:00,DESWDE024602,3,,
2023-07-15 13:32:27.685893+02:00,DESWDE037701,2,,
2023-07-15 13:32:27.685893+02:00,DESWDE037702,2,,
2023-07-15 13:32:27.685893+02:00,DESWDE037703,2,,
2023-07-15 13:32:27.685893+02:00,DESWDE037704,3,,
2023-07-15 13:32:28.238628+02:00,DESWDE000012101,3,,
2023-07-15 13:32:28.238628+02:00,DESWDE000012102,2,,
2023-07-15 13:32:28.772175+02:00,DESWDE023801,3,,
2023-07-15 13:32:29.322317+02:00,DESWDE019501,3,,
2023-07-15 13:32:29.322317+02:00,DESWDE019502,3,,
2023-07-15 13:32:30.742983+02:00,DESWDE036901,2,,
2023-07-15 13:32:30.742983+02:00,DESWDE036902,3,,
2023-07-15 13:42:11.665345+02:00,DESWDE024501,2,,
2023-07-15 13:42:11.665345+02:00,DESWDE024502,3,,
2023-07-15 13:42:11.665345+02:00,DESWDE024601,3,,
2023-07-15 13:42:11.665345+02:00,DESWDE024602,3,,
2023-07-15 13:42:12.550444+02:00,DESWDE037701,2,,
2023-07-15 13:42:12.550444+02:00,DESWDE037702,2,,
2023-07-15 13:42:12.550444+02:00,DESWDE037703,2,,
2023-07-15 13:42:12.550444+02:00,DESWDE037704,3,,
2023-07-15 13:42:13.387248+02:00,DESWDE000012101,3,,
2023-07-15 13:42:13.387248+02:00,DESWDE000012102,2,,
2023-07-15 13:42:14.169691+02:00,DESWDE023801,3,,
2023-07-15 13:42:14.962164+02:00,DESWDE019501,2,,
2023-07-15 13:42:14.962164+02:00,DESWDE019502,3,,
2023-07-15 13:42:15.808942+02:00,DESWDE036901,2,,
2023-07-15 13:42:15.808942+02:00,DESWDE036902,3,,
2023-07-15 13:52:06.315452+02:00,DESWDE024501,2,,
2023-07-15 13:52:06.315452+02:00,DESWDE024502,3,,
2023-07-15 13:52:06.315452+02:00,DESWDE024601,3,,
2023-07-15 13:52:06.315452+02:00,DESWDE024602,3,,
2023-07-15 13:52:07.221171+02:00,DESWDE037701,2,,
2023-07-15 13:52:07.221171+02:00,DESWDE037702,2,,
2023-07-15 13:52:07.221171+02:00,DESWDE037703,2,,
2023-07-15 13:52:07.221171+02:00,DESWDE037704,3,,
2023-07-15 13:52:08.057341+02:00,DESWDE000012101,3,,
2023-07-15 13:52:08.057341+02:00,DESWDE000012102,2,,
2023-07-15 13:52:08.878231+02:00,DESWDE023801,3,,
2023-07-15 13:52:09.671869+02:00,DESWDE019501,2,,
2023-07-15 13:52:09.671869+02:00,DESWDE019502,2,,
2023-07-15 13:52:10.533997+02:00,DESWDE036901,2,,
2023-07-15 13:52:10.533997+02:00,DESWDE036902,3,,
2023-07-15 14:13:45.454420+02:00,DESWDE024501,2,,
2023-07-15 14:13:45.454420+02:00,DESWDE024502,2,,
2023-07-15 14:13:45.454420+02:00,DESWDE024601,3,,
2023-07-15 14:13:45.454420+02:00,DESWDE024602,3,,
2023-07-15 14:13:46.035517+02:00,DESWDE037701,2,,
2023-07-15 14:13:46.035517+02:00,DESWDE037702,3,,
2023-07-15 14:13:46.035517+02:00,DESWDE037703,2,,
2023-07-15 14:13:46.035517+02:00,DESWDE037704,2,,
2023-07-15 14:13:46.626947+02:00,DESWDE000012101,2,,
2023-07-15 14:13:46.626947+02:00,DESWDE000012102,2,,
2023-07-15 14:13:47.163318+02:00,DESWDE023801,2,,
2023-07-15 14:13:47.718510+02:00,DESWDE019501,3,,
2023-07-15 14:13:47.718510+02:00,DESWDE019502,2,,
2023-07-15 14:13:48.261706+02:00,DESWDE036901,2,,
2023-07-15 14:13:48.261706+02:00,DESWDE036902,3,,
2023-07-15 14:45:57.881365+02:00,DESWDE024501,2,,
2023-07-15 14:45:57.881365+02:00,DESWDE024502,2,,
2023-07-15 14:45:57.881365+02:00,DESWDE024601,3,,
2023-07-15 14:45:57.881365+02:00,DESWDE024602,3,,
2023-07-15 14:45:59.279791+02:00,DESWDE037701,2,,
2023-07-15 14:45:59.279791+02:00,DESWDE037702,3,,
2023-07-15 14:45:59.279791+02:00,DESWDE037703,2,,
2023-07-15 14:45:59.279791+02:00,DESWDE037704,2,,
2023-07-15 14:46:00.345408+02:00,DESWDE000012101,2,,
2023-07-15 14:46:00.345408+02:00,DESWDE000012102,2,,
2023-07-15 14:46:00.992979+02:00,DESWDE023801,3,,
2023-07-15 14:46:01.680844+02:00,DESWDE019501,2,,
2023-07-15 14:46:01.680844+02:00,DESWDE019502,3,,
2023-07-15 14:46:02.422465+02:00,DESWDE036901,2,,
2023-07-15 14:46:02.422465+02:00,DESWDE036902,3,,
2023-07-15 15:03:19.283760+02:00,DESWDE024501,2,,
2023-07-15 15:03:19.283760+02:00,DESWDE024502,2,,
2023-07-15 15:03:19.283760+02:00,DESWDE024601,3,,
2023-07-15 15:03:19.283760+02:00,DESWDE024602,2,,
2023-07-15 15:03:20.262294+02:00,DESWDE037701,2,,
2023-07-15 15:03:20.262294+02:00,DESWDE037702,3,,
2023-07-15 15:03:20.262294+02:00,DESWDE037703,2,,
2023-07-15 15:03:20.262294+02:00,DESWDE037704,2,,
2023-07-15 15:03:21.001968+02:00,DESWDE000012101,2,,
2023-07-15 15:03:21.001968+02:00,DESWDE000012102,2,,
2023-07-15 15:03:21.861757+02:00,DESWDE023801,3,,
2023-07-15 15:03:22.667007+02:00,DESWDE019501,2,,
2023-07-15 15:03:22.667007+02:00,DESWDE019502,2,,
2023-07-15 15:03:23.399640+02:00,DESWDE036901,2,,
2023-07-15 15:03:23.399640+02:00,DESWDE036902,2,,
2023-07-15 15:25:22.281947+02:00,DESWDE024501,2,,
2023-07-15 15:25:22.281947+02:00,DESWDE024502,2,,
2023-07-15 15:25:22.281947+02:00,DESWDE024601,3,,
2023-07-15 15:25:22.281947+02:00,DESWDE024602,2,,
2023-07-15 15:25:22.858625+02:00,DESWDE037701,2,,
2023-07-15 15:25:22.858625+02:00,DESWDE037702,3,,
2023-07-15 15:25:22.858625+02:00,DESWDE037703,2,,
2023-07-15 15:25:22.858625+02:00,DESWDE037704,3,,
2023-07-15 15:25:23.532835+02:00,DESWDE000012101,3,,
2023-07-15 15:25:23.532835+02:00,DESWDE000012102,2,,
2023-07-15 15:25:24.223200+02:00,DESWDE023801,2,,
2023-07-15 15:25:25.201039+02:00,DESWDE019501,2,,
2023-07-15 15:25:25.201039+02:00,DESWDE019502,2,,
2023-07-15 15:25:25.748007+02:00,DESWDE036901,2,,
2023-07-15 15:25:25.748007+02:00,DESWDE036902,2,,
2023-07-15 15:32:12.486940+02:00,DESWDE024501,2,,
2023-07-15 15:32:12.486940+02:00,DESWDE024502,2,,
2023-07-15 15:32:12.486940+02:00,DESWDE024601,3,,
2023-07-15 15:32:12.486940+02:00,DESWDE024602,2,,
2023-07-15 15:32:13.061315+02:00,DESWDE037701,2,,
2023-07-15 15:32:13.061315+02:00,DESWDE037702,3,,
2023-07-15 15:32:13.061315+02:00,DESWDE037703,2,,
2023-07-15 15:32:13.061315+02:00,DESWDE037704,3,,
2023-07-15 15:32:13.614511+02:00,DESWDE000012101,3,,
2023-07-15 15:32:13.614511+02:00,DESWDE000012102,2,,
2023-07-15 15:32:14.201436+02:00,DESWDE023801,2,,
2023-07-15 15:32:14.744402+02:00,DESWDE019501,2,,
2023-07-15 15:32:14.744402+02:00,DESWDE019502,2,,
2023-07-15 15:32:15.295644+02:00,DESWDE036901,2,,
2023-07-15 15:32:15.295644+02:00,DESWDE036902,2,,
2023-07-15 15:42:17.730406+02:00,DESWDE024501,2,,
2023-07-15 15:42:17.730406+02:00,DESWDE024502,2,,
2023-07-15 15:42:17.730406+02:00,DESWDE024601,3,,
2023-07-15 15:42:17.730406+02:00,DESWDE024602,2,,
2023-07-15 15:42:18.460537+02:00,DESWDE037701,2,,
2023-07-15 15:42:18.460537+02:00,DESWDE037702,3,,
2023-07-15 15:42:18.460537+02:00,DESWDE037703,2,,
2023-07-15 15:42:18.460537+02:00,DESWDE037704,3,,
2023-07-15 15:42:19.133867+02:00,DESWDE000012101,3,,
2023-07-15 15:42:19.133867+02:00,DESWDE000012102,3,,
2023-07-15 15:42:19.959087+02:00,DESWDE023801,2,,
2023-07-15 15:42:20.701758+02:00,DESWDE019501,2,,
2023-07-15 15:42:20.701758+02:00,DESWDE019502,2,,
2023-07-15 15:42:21.521033+02:00,DESWDE036901,2,,
2023-07-15 15:42:21.521033+02:00,DESWDE036902,2,,
2023-07-15 15:52:15.542544+02:00,DESWDE024501,2,,
2023-07-15 15:52:15.542544+02:00,DESWDE024502,2,,
2023-07-15 15:52:15.542544+02:00,DESWDE024601,3,,
2023-07-15 15:52:15.542544+02:00,DESWDE024602,2,,
2023-07-15 15:52:16.091946+02:00,DESWDE037701,2,,
2023-07-15 15:52:16.091946+02:00,DESWDE037702,3,,
2023-07-15 15:52:16.091946+02:00,DESWDE037703,3,,
2023-07-15 15:52:16.091946+02:00,DESWDE037704,3,,
2023-07-15 15:52:16.622612+02:00,DESWDE000012101,3,,
2023-07-15 15:52:16.622612+02:00,DESWDE000012102,3,,
2023-07-15 15:52:17.151792+02:00,DESWDE023801,2,,
2023-07-15 15:52:17.691592+02:00,DESWDE019501,2,,
2023-07-15 15:52:17.691592+02:00,DESWDE019502,2,,
2023-07-15 15:52:18.266025+02:00,DESWDE036901,2,,
2023-07-15 15:52:18.266025+02:00,DESWDE036902,2,,
2023-07-15 16:06:42.680098+02:00,DESWDE024501,2,,
2023-07-15 16:06:42.680098+02:00,DESWDE024502,3,,
2023-07-15 16:06:42.680098+02:00,DESWDE024601,3,,
2023-07-15 16:06:42.680098+02:00,DESWDE024602,2,,
2023-07-15 16:06:43.403332+02:00,DESWDE037701,2,,
2023-07-15 16:06:43.403332+02:00,DESWDE037702,3,,
2023-07-15 16:06:43.403332+02:00,DESWDE037703,3,,
2023-07-15 16:06:43.403332+02:00,DESWDE037704,3,,
2023-07-15 16:06:44.115791+02:00,DESWDE000012101,3,,
2023-07-15 16:06:44.115791+02:00,DESWDE000012102,3,,
2023-07-15 16:06:44.812947+02:00,DESWDE023801,2,,
2023-07-15 16:06:45.520085+02:00,DESWDE019501,2,,
2023-07-15 16:06:45.520085+02:00,DESWDE019502,2,,
2023-07-15 16:06:46.642217+02:00,DESWDE036901,2,,
2023-07-15 16:06:46.642217+02:00,DESWDE036902,2,,
2023-07-15 16:22:18.330155+02:00,DESWDE024501,3,,
2023-07-15 16:22:18.330155+02:00,DESWDE024502,3,,
2023-07-15 16:22:18.330155+02:00,DESWDE024601,3,,
2023-07-15 16:22:18.330155+02:00,DESWDE024602,2,,
2023-07-15 16:22:19.062482+02:00,DESWDE037701,2,,
2023-07-15 16:22:19.062482+02:00,DESWDE037702,3,,
2023-07-15 16:22:19.062482+02:00,DESWDE037703,3,,
2023-07-15 16:22:19.062482+02:00,DESWDE037704,3,,
2023-07-15 16:22:19.743964+02:00,DESWDE000012101,3,,
2023-07-15 16:22:19.743964+02:00,DESWDE000012102,3,,
2023-07-15 16:22:20.527240+02:00,DESWDE023801,2,,
2023-07-15 16:22:21.181475+02:00,DESWDE019501,2,,
2023-07-15 16:22:21.181475+02:00,DESWDE019502,2,,
2023-07-15 16:22:21.841434+02:00,DESWDE036901,2,,
2023-07-15 16:22:21.841434+02:00,DESWDE036902,2,,
2023-07-15 16:32:05.346904+02:00,DESWDE024501,3,,
2023-07-15 16:32:05.346904+02:00,DESWDE024502,3,,
2023-07-15 16:32:05.346904+02:00,DESWDE024601,3,,
2023-07-15 16:32:05.346904+02:00,DESWDE024602,2,,
2023-07-15 16:32:06.065157+02:00,DESWDE037701,2,,
2023-07-15 16:32:06.065157+02:00,DESWDE037702,3,,
2023-07-15 16:32:06.065157+02:00,DESWDE037703,3,,
2023-07-15 16:32:06.065157+02:00,DESWDE037704,3,,
2023-07-15 16:32:06.749823+02:00,DESWDE000012101,3,,
2023-07-15 16:32:06.749823+02:00,DESWDE000012102,3,,
2023-07-15 16:32:07.390330+02:00,DESWDE023801,2,,
2023-07-15 16:32:08.043912+02:00,DESWDE019501,2,,
2023-07-15 16:32:08.043912+02:00,DESWDE019502,2,,
2023-07-15 16:32:08.691028+02:00,DESWDE036901,2,,
2023-07-15 16:32:08.691028+02:00,DESWDE036902,2,,
2023-07-15 16:42:01.769844+02:00,DESWDE024501,3,,
2023-07-15 16:42:01.769844+02:00,DESWDE024502,3,,
2023-07-15 16:42:01.769844+02:00,DESWDE024601,2,,
2023-07-15 16:42:01.769844+02:00,DESWDE024602,2,,
2023-07-15 16:42:02.334383+02:00,DESWDE037701,2,,
2023-07-15 16:42:02.334383+02:00,DESWDE037702,3,,
2023-07-15 16:42:02.334383+02:00,DESWDE037703,3,,
2023-07-15 16:42:02.334383+02:00,DESWDE037704,3,,
2023-07-15 16:42:03.141783+02:00,DESWDE000012101,3,,
2023-07-15 16:42:03.141783+02:00,DESWDE000012102,3,,
2023-07-15 16:42:04.078744+02:00,DESWDE023801,2,,
2023-07-15 16:42:04.996793+02:00,DESWDE019501,2,,
2023-07-15 16:42:04.996793+02:00,DESWDE019502,2,,
2023-07-15 16:42:05.537242+02:00,DESWDE036901,2,,
2023-07-15 16:42:05.537242+02:00,DESWDE036902,2,,
2023-07-15 16:52:04.152638+02:00,DESWDE024501,3,,
2023-07-15 16:52:04.152638+02:00,DESWDE024502,3,,
2023-07-15 16:52:04.152638+02:00,DESWDE024601,2,,
2023-07-15 16:52:04.152638+02:00,DESWDE024602,2,,
2023-07-15 16:52:04.812881+02:00,DESWDE037701,2,,
2023-07-15 16:52:04.812881+02:00,DESWDE037702,3,,
2023-07-15 16:52:04.812881+02:00,DESWDE037703,3,,
2023-07-15 16:52:04.812881+02:00,DESWDE037704,3,,
2023-07-15 16:52:05.465997+02:00,DESWDE000012101,3,,
2023-07-15 16:52:05.465997+02:00,DESWDE000012102,3,,
2023-07-15 16:52:06.114740+02:00,DESWDE023801,2,,
2023-07-15 16:52:06.816430+02:00,DESWDE019501,2,,
2023-07-15 16:52:06.816430+02:00,DESWDE019502,3,,
2023-07-15 16:52:07.505400+02:00,DESWDE036901,2,,
2023-07-15 16:52:07.505400+02:00,DESWDE036902,2,,
2023-07-15 17:07:23.823202+02:00,DESWDE024501,3,,
2023-07-15 17:07:23.823202+02:00,DESWDE024502,2,,
2023-07-15 17:07:23.823202+02:00,DESWDE024601,2,,
2023-07-15 17:07:23.823202+02:00,DESWDE024602,2,,
2023-07-15 17:07:24.378359+02:00,DESWDE037701,2,,
2023-07-15 17:07:24.378359+02:00,DESWDE037702,3,,
2023-07-15 17:07:24.378359+02:00,DESWDE037703,3,,
2023-07-15 17:07:24.378359+02:00,DESWDE037704,3,,
2023-07-15 17:07:24.962792+02:00,DESWDE000012101,2,,
2023-07-15 17:07:24.962792+02:00,DESWDE000012102,3,,
2023-07-15 17:07:25.455865+02:00,DESWDE023801,2,,
2023-07-15 17:07:25.973689+02:00,DESWDE019501,3,,
2023-07-15 17:07:25.973689+02:00,DESWDE019502,3,,
2023-07-15 17:07:26.472211+02:00,DESWDE036901,2,,
2023-07-15 17:07:26.472211+02:00,DESWDE036902,2,,
2023-07-15 17:21:58.497585+02:00,DESWDE024501,3,,
2023-07-15 17:21:58.497585+02:00,DESWDE024502,2,,
2023-07-15 17:21:58.497585+02:00,DESWDE024601,2,,
2023-07-15 17:21:58.497585+02:00,DESWDE024602,2,,
2023-07-15 17:21:59.222837+02:00,DESWDE037701,2,,
2023-07-15 17:21:59.222837+02:00,DESWDE037702,3,,
2023-07-15 17:21:59.222837+02:00,DESWDE037703,3,,
2023-07-15 17:21:59.222837+02:00,DESWDE037704,3,,
2023-07-15 17:21:59.884885+02:00,DESWDE000012101,2,,
2023-07-15 17:21:59.884885+02:00,DESWDE000012102,3,,
2023-07-15 17:22:00.522911+02:00,DESWDE023801,2,,
2023-07-15 17:22:01.322034+02:00,DESWDE019501,2,,
2023-07-15 17:22:01.322034+02:00,DESWDE019502,3,,
2023-07-15 17:22:01.977818+02:00,DESWDE036901,2,,
2023-07-15 17:22:01.977818+02:00,DESWDE036902,2,,
2023-07-15 17:32:20.352976+02:00,DESWDE024501,2,,
2023-07-15 17:32:20.352976+02:00,DESWDE024502,2,,
2023-07-15 17:32:20.352976+02:00,DESWDE024601,2,,
2023-07-15 17:32:20.352976+02:00,DESWDE024602,2,,
2023-07-15 17:32:21.096081+02:00,DESWDE037701,2,,
2023-07-15 17:32:21.096081+02:00,DESWDE037702,3,,
2023-07-15 17:32:21.096081+02:00,DESWDE037703,3,,
2023-07-15 17:32:21.096081+02:00,DESWDE037704,2,,
2023-07-15 17:32:21.853348+02:00,DESWDE000012101,2,,
2023-07-15 17:32:21.853348+02:00,DESWDE000012102,3,,
2023-07-15 17:32:22.583210+02:00,DESWDE023801,2,,
2023-07-15 17:32:23.322653+02:00,DESWDE019501,2,,
2023-07-15 17:32:23.322653+02:00,DESWDE019502,2,,
2023-07-15 17:32:24.019919+02:00,DESWDE036901,2,,
2023-07-15 17:32:24.019919+02:00,DESWDE036902,2,,
2023-07-15 17:42:07.924118+02:00,DESWDE024501,2,,
2023-07-15 17:42:07.924118+02:00,DESWDE024502,2,,
2023-07-15 17:42:07.924118+02:00,DESWDE024601,2,,
2023-07-15 17:42:07.924118+02:00,DESWDE024602,2,,
2023-07-15 17:42:08.516918+02:00,DESWDE037701,2,,
2023-07-15 17:42:08.516918+02:00,DESWDE037702,3,,
2023-07-15 17:42:08.516918+02:00,DESWDE037703,3,,
2023-07-15 17:42:08.516918+02:00,DESWDE037704,2,,
2023-07-15 17:42:09.697702+02:00,DESWDE000012101,2,,
2023-07-15 17:42:09.697702+02:00,DESWDE000012102,3,,
2023-07-15 17:42:11.143604+02:00,DESWDE023801,2,,
2023-07-15 17:42:11.674427+02:00,DESWDE019501,2,,
2023-07-15 17:42:11.674427+02:00,DESWDE019502,2,,
2023-07-15 17:42:12.282358+02:00,DESWDE036901,2,,
2023-07-15 17:42:12.282358+02:00,DESWDE036902,2,,
2023-07-15 17:52:25.076480+02:00,DESWDE024501,2,,
2023-07-15 17:52:25.076480+02:00,DESWDE024502,2,,
2023-07-15 17:52:25.076480+02:00,DESWDE024601,3,,
2023-07-15 17:52:25.076480+02:00,DESWDE024602,2,,
2023-07-15 17:52:25.925996+02:00,DESWDE037701,2,,
2023-07-15 17:52:25.925996+02:00,DESWDE037702,2,,
2023-07-15 17:52:25.925996+02:00,DESWDE037703,3,,
2023-07-15 17:52:25.925996+02:00,DESWDE037704,2,,
2023-07-15 17:52:26.759965+02:00,DESWDE000012101,2,,
2023-07-15 17:52:26.759965+02:00,DESWDE000012102,3,,
2023-07-15 17:52:27.586348+02:00,DESWDE023801,2,,
2023-07-15 17:52:28.408464+02:00,DESWDE019501,2,,
2023-07-15 17:52:28.408464+02:00,DESWDE019502,2,,
2023-07-15 17:52:29.245804+02:00,DESWDE036901,2,,
2023-07-15 17:52:29.245804+02:00,DESWDE036902,2,,
2023-07-15 18:08:58.164780+02:00,DESWDE024501,2,,
2023-07-15 18:08:58.164780+02:00,DESWDE024502,2,,
2023-07-15 18:08:58.164780+02:00,DESWDE024601,3,,
2023-07-15 18:08:58.164780+02:00,DESWDE024602,2,,
2023-07-15 18:08:59.012615+02:00,DESWDE037701,2,,
2023-07-15 18:08:59.012615+02:00,DESWDE037702,2,,
2023-07-15 18:08:59.012615+02:00,DESWDE037703,3,,
2023-07-15 18:08:59.012615+02:00,DESWDE037704,2,,
2023-07-15 18:08:59.771695+02:00,DESWDE000012101,2,,
2023-07-15 18:08:59.771695+02:00,DESWDE000012102,3,,
2023-07-15 18:09:00.579991+02:00,DESWDE023801,2,,
2023-07-15 18:09:01.288562+02:00,DESWDE019501,2,,
2023-07-15 18:09:01.288562+02:00,DESWDE019502,2,,
2023-07-15 18:09:02.013273+02:00,DESWDE036901,2,,
2023-07-15 18:09:02.013273+02:00,DESWDE036902,2,,
2023-07-15 18:29:31.406581+02:00,DESWDE024501,2,,
2023-07-15 18:29:31.406581+02:00,DESWDE024502,2,,
2023-07-15 18:29:31.406581+02:00,DESWDE024601,3,,
2023-07-15 18:29:31.406581+02:00,DESWDE024602,2,,
2023-07-15 18:29:31.948970+02:00,DESWDE037701,2,,
2023-07-15 18:29:31.948970+02:00,DESWDE037702,2,,
2023-07-15 18:29:31.948970+02:00,DESWDE037703,3,,
2023-07-15 18:29:31.948970+02:00,DESWDE037704,2,,
2023-07-15 18:29:32.472943+02:00,DESWDE000012101,3,,
2023-07-15 18:29:32.472943+02:00,DESWDE000012102,3,,
2023-07-15 18:29:32.997279+02:00,DESWDE023801,3,,
2023-07-15 18:29:33.567167+02:00,DESWDE019501,2,,
2023-07-15 18:29:33.567167+02:00,DESWDE019502,2,,
2023-07-15 18:29:34.120460+02:00,DESWDE036901,2,,
2023-07-15 18:29:34.120460+02:00,DESWDE036902,2,,
2023-07-15 18:41:07.235350+02:00,DESWDE024501,2,,
2023-07-15 18:41:07.235350+02:00,DESWDE024502,2,,
2023-07-15 18:41:07.235350+02:00,DESWDE024601,3,,
2023-07-15 18:41:07.235350+02:00,DESWDE024602,2,,
2023-07-15 18:41:07.853315+02:00,DESWDE037701,2,,
2023-07-15 18:41:07.853315+02:00,DESWDE037702,2,,
2023-07-15 18:41:07.853315+02:00,DESWDE037703,3,,
2023-07-15 18:41:07.853315+02:00,DESWDE037704,2,,
2023-07-15 18:41:08.378086+02:00,DESWDE000012101,3,,
2023-07-15 18:41:08.378086+02:00,DESWDE000012102,3,,
2023-07-15 18:41:08.938047+02:00,DESWDE023801,2,,
2023-07-15 18:41:09.479195+02:00,DESWDE019501,2,,
2023-07-15 18:41:09.479195+02:00,DESWDE019502,2,,
2023-07-15 18:41:10.019977+02:00,DESWDE036901,2,,
2023-07-15 18:41:10.019977+02:00,DESWDE036902,2,,
2023-07-15 18:52:10.521813+02:00,DESWDE024501,2,,
2023-07-15 18:52:10.521813+02:00,DESWDE024502,2,,
2023-07-15 18:52:10.521813+02:00,DESWDE024601,3,,
2023-07-15 18:52:10.521813+02:00,DESWDE024602,2,,
2023-07-15 18:52:11.057432+02:00,DESWDE037701,2,,
2023-07-15 18:52:11.057432+02:00,DESWDE037702,2,,
2023-07-15 18:52:11.057432+02:00,DESWDE037703,3,,
2023-07-15 18:52:11.057432+02:00,DESWDE037704,2,,
2023-07-15 18:52:11.581309+02:00,DESWDE000012101,3,,
2023-07-15 18:52:11.581309+02:00,DESWDE000012102,3,,
2023-07-15 18:52:12.071957+02:00,DESWDE023801,3,,
2023-07-15 18:52:12.570827+02:00,DESWDE019501,2,,
2023-07-15 18:52:12.570827+02:00,DESWDE019502,2,,
2023-07-15 18:52:13.090972+02:00,DESWDE036901,3,,
2023-07-15 18:52:13.090972+02:00,DESWDE036902,2,,
2023-07-15 19:06:39.069480+02:00,DESWDE024501,2,,
2023-07-15 19:06:39.069480+02:00,DESWDE024502,2,,
2023-07-15 19:06:39.069480+02:00,DESWDE024601,3,,
2023-07-15 19:06:39.069480+02:00,DESWDE024602,2,,
2023-07-15 19:06:39.606787+02:00,DESWDE037701,2,,
2023-07-15 19:06:39.606787+02:00,DESWDE037702,2,,
2023-07-15 19:06:39.606787+02:00,DESWDE037703,3,,
2023-07-15 19:06:39.606787+02:00,DESWDE037704,2,,
2023-07-15 19:06:41.066644+02:00,DESWDE000012101,3,,
2023-07-15 19:06:41.066644+02:00,DESWDE000012102,3,,
2023-07-15 19:06:41.679652+02:00,DESWDE023801,3,,
2023-07-15 19:06:42.206092+02:00,DESWDE019501,2,,
2023-07-15 19:06:42.206092+02:00,DESWDE019502,2,,
2023-07-15 19:06:42.861233+02:00,DESWDE036901,3,,
2023-07-15 19:06:42.861233+02:00,DESWDE036902,2,,
2023-07-15 19:21:35.899811+02:00,DESWDE024501,2,,
2023-07-15 19:21:35.899811+02:00,DESWDE024502,2,,
2023-07-15 19:21:35.899811+02:00,DESWDE024601,2,,
2023-07-15 19:21:35.899811+02:00,DESWDE024602,2,,
2023-07-15 19:21:36.464462+02:00,DESWDE037701,2,,
2023-07-15 19:21:36.464462+02:00,DESWDE037702,2,,
2023-07-15 19:21:36.464462+02:00,DESWDE037703,3,,
2023-07-15 19:21:36.464462+02:00,DESWDE037704,2,,
2023-07-15 19:21:37.048466+02:00,DESWDE000012101,3,,
2023-07-15 19:21:37.048466+02:00,DESWDE000012102,3,,
2023-07-15 19:21:37.598658+02:00,DESWDE023801,2,,
2023-07-15 19:21:38.179758+02:00,DESWDE019501,2,,
2023-07-15 19:21:38.179758+02:00,DESWDE019502,2,,
2023-07-15 19:21:38.712102+02:00,DESWDE036901,3,,
2023-07-15 19:21:38.712102+02:00,DESWDE036902,2,,
2023-07-15 19:32:16.695766+02:00,DESWDE024501,2,,
2023-07-15 19:32:16.695766+02:00,DESWDE024502,2,,
2023-07-15 19:32:16.695766+02:00,DESWDE024601,2,,
2023-07-15 19:32:16.695766+02:00,DESWDE024602,2,,
2023-07-15 19:32:17.552276+02:00,DESWDE037701,2,,
2023-07-15 19:32:17.552276+02:00,DESWDE037702,2,,
2023-07-15 19:32:17.552276+02:00,DESWDE037703,3,,
2023-07-15 19:32:17.552276+02:00,DESWDE037704,2,,
2023-07-15 19:32:18.577400+02:00,DESWDE000012101,3,,
2023-07-15 19:32:18.577400+02:00,DESWDE000012102,3,,
2023-07-15 19:32:19.377089+02:00,DESWDE023801,3,,
2023-07-15 19:32:20.197636+02:00,DESWDE019501,2,,
2023-07-15 19:32:20.197636+02:00,DESWDE019502,2,,
2023-07-15 19:32:21.150017+02:00,DESWDE036901,3,,
2023-07-15 19:32:21.150017+02:00,DESWDE036902,2,,
2023-07-15 19:42:03.702389+02:00,DESWDE024501,2,,
2023-07-15 19:42:03.702389+02:00,DESWDE024502,2,,
2023-07-15 19:42:03.702389+02:00,DESWDE024601,2,,
2023-07-15 19:42:03.702389+02:00,DESWDE024602,2,,
2023-07-15 19:42:04.272022+02:00,DESWDE037701,2,,
2023-07-15 19:42:04.272022+02:00,DESWDE037702,2,,
2023-07-15 19:42:04.272022+02:00,DESWDE037703,3,,
2023-07-15 19:42:04.272022+02:00,DESWDE037704,2,,
2023-07-15 19:42:04.837188+02:00,DESWDE000012101,3,,
2023-07-15 19:42:04.837188+02:00,DESWDE000012102,3,,
2023-07-15 19:42:05.355900+02:00,DESWDE023801,3,,
2023-07-15 19:42:05.901062+02:00,DESWDE019501,2,,
2023-07-15 19:42:05.901062+02:00,DESWDE019502,2,,
2023-07-15 19:42:06.428139+02:00,DESWDE036901,3,,
2023-07-15 19:42:06.428139+02:00,DESWDE036902,2,,
2023-07-15 19:52:14.562092+02:00,DESWDE024501,2,,
2023-07-15 19:52:14.562092+02:00,DESWDE024502,2,,
2023-07-15 19:52:14.562092+02:00,DESWDE024601,2,,
2023-07-15 19:52:14.562092+02:00,DESWDE024602,2,,
2023-07-15 19:52:15.398228+02:00,DESWDE037701,2,,
2023-07-15 19:52:15.398228+02:00,DESWDE037702,2,,
2023-07-15 19:52:15.398228+02:00,DESWDE037703,3,,
2023-07-15 19:52:15.398228+02:00,DESWDE037704,2,,
2023-07-15 19:52:16.234144+02:00,DESWDE000012101,3,,
2023-07-15 19:52:16.234144+02:00,DESWDE000012102,3,,
2023-07-15 19:52:17.242452+02:00,DESWDE023801,3,,
2023-07-15 19:52:18.055796+02:00,DESWDE019501,2,,
2023-07-15 19:52:18.055796+02:00,DESWDE019502,2,,
2023-07-15 19:52:18.943257+02:00,DESWDE036901,3,,
2023-07-15 19:52:18.943257+02:00,DESWDE036902,2,,
2023-07-15 20:09:33.693486+02:00,DESWDE024501,2,,
2023-07-15 20:09:33.693486+02:00,DESWDE024502,3,,
2023-07-15 20:09:33.693486+02:00,DESWDE024601,3,,
2023-07-15 20:09:33.693486+02:00,DESWDE024602,2,,
2023-07-15 20:09:34.557114+02:00,DESWDE037701,2,,
2023-07-15 20:09:34.557114+02:00,DESWDE037702,2,,
2023-07-15 20:09:34.557114+02:00,DESWDE037703,2,,
2023-07-15 20:09:34.557114+02:00,DESWDE037704,2,,
2023-07-15 20:09:35.362060+02:00,DESWDE000012101,3,,
2023-07-15 20:09:35.362060+02:00,DESWDE000012102,3,,
2023-07-15 20:09:36.149212+02:00,DESWDE023801,3,,
2023-07-15 20:09:36.952117+02:00,DESWDE019501,2,,
2023-07-15 20:09:36.952117+02:00,DESWDE019502,2,,
2023-07-15 20:09:37.742239+02:00,DESWDE036901,3,,
2023-07-15 20:09:37.742239+02:00,DESWDE036902,2,,
2023-07-15 20:27:14.488355+02:00,DESWDE024501,2,,
2023-07-15 20:27:14.488355+02:00,DESWDE024502,3,,
2023-07-15 20:27:14.488355+02:00,DESWDE024601,3,,
2023-07-15 20:27:14.488355+02:00,DESWDE024602,2,,
2023-07-15 20:27:15.735615+02:00,DESWDE037701,3,,
2023-07-15 20:27:15.735615+02:00,DESWDE037702,2,,
2023-07-15 20:27:15.735615+02:00,DESWDE037703,2,,
2023-07-15 20:27:15.735615+02:00,DESWDE037704,2,,
2023-07-15 20:27:16.248438+02:00,DESWDE000012101,2,,
2023-07-15 20:27:16.248438+02:00,DESWDE000012102,3,,
2023-07-15 20:27:16.743563+02:00,DESWDE023801,2,,
2023-07-15 20:27:17.298725+02:00,DESWDE019501,2,,
2023-07-15 20:27:17.298725+02:00,DESWDE019502,2,,
2023-07-15 20:27:17.810759+02:00,DESWDE036901,3,,
2023-07-15 20:27:17.810759+02:00,DESWDE036902,2,,
2023-07-15 20:36:12.977945+02:00,DESWDE024501,2,,
2023-07-15 20:36:12.977945+02:00,DESWDE024502,3,,
2023-07-15 20:36:12.977945+02:00,DESWDE024601,3,,
2023-07-15 20:36:12.977945+02:00,DESWDE024602,2,,
2023-07-15 20:36:13.782259+02:00,DESWDE037701,3,,
2023-07-15 20:36:13.782259+02:00,DESWDE037702,2,,
2023-07-15 20:36:13.782259+02:00,DESWDE037703,2,,
2023-07-15 20:36:13.782259+02:00,DESWDE037704,2,,
2023-07-15 20:36:15.389678+02:00,DESWDE000012101,2,,
2023-07-15 20:36:15.389678+02:00,DESWDE000012102,3,,
2023-07-15 20:36:16.061552+02:00,DESWDE023801,2,,
2023-07-15 20:36:16.747332+02:00,DESWDE019501,2,,
2023-07-15 20:36:16.747332+02:00,DESWDE019502,2,,
2023-07-15 20:36:17.421329+02:00,DESWDE036901,3,,
2023-07-15 20:36:17.421329+02:00,DESWDE036902,2,,
2023-07-15 20:43:09.040534+02:00,DESWDE024501,2,,
2023-07-15 20:43:09.040534+02:00,DESWDE024502,3,,
2023-07-15 20:43:09.040534+02:00,DESWDE024601,3,,
2023-07-15 20:43:09.040534+02:00,DESWDE024602,2,,
2023-07-15 20:43:09.863718+02:00,DESWDE037701,3,,
2023-07-15 20:43:09.863718+02:00,DESWDE037702,2,,
2023-07-15 20:43:09.863718+02:00,DESWDE037703,2,,
2023-07-15 20:43:09.863718+02:00,DESWDE037704,2,,
2023-07-15 20:43:11.298364+02:00,DESWDE000012101,2,,
2023-07-15 20:43:11.298364+02:00,DESWDE000012102,3,,
2023-07-15 20:43:12.127093+02:00,DESWDE023801,2,,
2023-07-15 20:43:12.941880+02:00,DESWDE019501,2,,
2023-07-15 20:43:12.941880+02:00,DESWDE019502,2,,
2023-07-15 20:43:13.759282+02:00,DESWDE036901,3,,
2023-07-15 20:43:13.759282+02:00,DESWDE036902,2,,
2023-07-15 20:52:16.466982+02:00,DESWDE024501,2,,
2023-07-15 20:52:16.466982+02:00,DESWDE024502,3,,
2023-07-15 20:52:16.466982+02:00,DESWDE024601,3,,
2023-07-15 20:52:16.466982+02:00,DESWDE024602,2,,
2023-07-15 20:52:17.093333+02:00,DESWDE037701,3,,
2023-07-15 20:52:17.093333+02:00,DESWDE037702,2,,
2023-07-15 20:52:17.093333+02:00,DESWDE037703,2,,
2023-07-15 20:52:17.093333+02:00,DESWDE037704,2,,
2023-07-15 20:52:17.630577+02:00,DESWDE000012101,2,,
2023-07-15 20:52:17.630577+02:00,DESWDE000012102,3,,
2023-07-15 20:52:18.142827+02:00,DESWDE023801,2,,
2023-07-15 20:52:18.746004+02:00,DESWDE019501,2,,
2023-07-15 20:52:18.746004+02:00,DESWDE019502,2,,
2023-07-15 20:52:19.303066+02:00,DESWDE036901,2,,
2023-07-15 20:52:19.303066+02:00,DESWDE036902,2,,
2023-07-15 21:06:02.916391+02:00,DESWDE024501,2,,
2023-07-15 21:06:02.916391+02:00,DESWDE024502,2,,
2023-07-15 21:06:02.916391+02:00,DESWDE024601,3,,
2023-07-15 21:06:02.916391+02:00,DESWDE024602,2,,
2023-07-15 21:06:03.675995+02:00,DESWDE037701,3,,
2023-07-15 21:06:03.675995+02:00,DESWDE037702,2,,
2023-07-15 21:06:03.675995+02:00,DESWDE037703,2,,
2023-07-15 21:06:03.675995+02:00,DESWDE037704,2,,
2023-07-15 21:06:04.446109+02:00,DESWDE000012101,3,,
2023-07-15 21:06:04.446109+02:00,DESWDE000012102,3,,
2023-07-15 21:06:05.173913+02:00,DESWDE023801,2,,
2023-07-15 21:06:05.924121+02:00,DESWDE019501,2,,
2023-07-15 21:06:05.924121+02:00,DESWDE019502,2,,
2023-07-15 21:06:06.666363+02:00,DESWDE036901,2,,
2023-07-15 21:06:06.666363+02:00,DESWDE036902,2,,
2023-07-15 21:16:23.132638+02:00,DESWDE024501,2,,
2023-07-15 21:16:23.132638+02:00,DESWDE024502,2,,
2023-07-15 21:16:23.132638+02:00,DESWDE024601,3,,
2023-07-15 21:16:23.132638+02:00,DESWDE024602,2,,
2023-07-15 21:16:23.933603+02:00,DESWDE037701,3,,
2023-07-15 21:16:23.933603+02:00,DESWDE037702,2,,
2023-07-15 21:16:23.933603+02:00,DESWDE037703,2,,
2023-07-15 21:16:23.933603+02:00,DESWDE037704,2,,
2023-07-15 21:16:24.473145+02:00,DESWDE000012101,3,,
2023-07-15 21:16:24.473145+02:00,DESWDE000012102,3,,
2023-07-15 21:16:24.987768+02:00,DESWDE023801,2,,
2023-07-15 21:16:25.517815+02:00,DESWDE019501,2,,
2023-07-15 21:16:25.517815+02:00,DESWDE019502,2,,
2023-07-15 21:16:26.062904+02:00,DESWDE036901,2,,
2023-07-15 21:16:26.062904+02:00,DESWDE036902,2,,
2023-07-15 21:23:11.654772+02:00,DESWDE024501,2,,
2023-07-15 21:23:11.654772+02:00,DESWDE024502,2,,
2023-07-15 21:23:11.654772+02:00,DESWDE024601,3,,
2023-07-15 21:23:11.654772+02:00,DESWDE024602,2,,
2023-07-15 21:23:12.391091+02:00,DESWDE037701,3,,
2023-07-15 21:23:12.391091+02:00,DESWDE037702,2,,
2023-07-15 21:23:12.391091+02:00,DESWDE037703,2,,
2023-07-15 21:23:12.391091+02:00,DESWDE037704,2,,
2023-07-15 21:23:13.080869+02:00,DESWDE000012101,3,,
2023-07-15 21:23:13.080869+02:00,DESWDE000012102,3,,
2023-07-15 21:23:13.768384+02:00,DESWDE023801,2,,
2023-07-15 21:23:14.453892+02:00,DESWDE019501,2,,
2023-07-15 21:23:14.453892+02:00,DESWDE019502,2,,
2023-07-15 21:23:15.111796+02:00,DESWDE036901,2,,
2023-07-15 21:23:15.111796+02:00,DESWDE036902,2,,
2023-07-15 21:32:17.156746+02:00,DESWDE024501,2,,
2023-07-15 21:32:17.156746+02:00,DESWDE024502,2,,
2023-07-15 21:32:17.156746+02:00,DESWDE024601,3,,
2023-07-15 21:32:17.156746+02:00,DESWDE024602,2,,
2023-07-15 21:32:17.682065+02:00,DESWDE037701,3,,
2023-07-15 21:32:17.682065+02:00,DESWDE037702,2,,
2023-07-15 21:32:17.682065+02:00,DESWDE037703,2,,
2023-07-15 21:32:17.682065+02:00,DESWDE037704,2,,
2023-07-15 21:32:18.205193+02:00,DESWDE000012101,3,,
2023-07-15 21:32:18.205193+02:00,DESWDE000012102,3,,
2023-07-15 21:32:18.711381+02:00,DESWDE023801,2,,
2023-07-15 21:32:19.225542+02:00,DESWDE019501,2,,
2023-07-15 21:32:19.225542+02:00,DESWDE019502,2,,
2023-07-15 21:32:19.744773+02:00,DESWDE036901,2,,
2023-07-15 21:32:19.744773+02:00,DESWDE036902,2,,
2023-07-15 21:42:03.573043+02:00,DESWDE024501,2,,
2023-07-15 21:42:03.573043+02:00,DESWDE024502,2,,
2023-07-15 21:42:03.573043+02:00,DESWDE024601,3,,
2023-07-15 21:42:03.573043+02:00,DESWDE024602,2,,
2023-07-15 21:42:04.957598+02:00,DESWDE037701,3,,
2023-07-15 21:42:04.957598+02:00,DESWDE037702,2,,
2023-07-15 21:42:04.957598+02:00,DESWDE037703,2,,
2023-07-15 21:42:04.957598+02:00,DESWDE037704,2,,
2023-07-15 21:42:05.533497+02:00,DESWDE000012101,3,,
2023-07-15 21:42:05.533497+02:00,DESWDE000012102,3,,
2023-07-15 21:42:06.068176+02:00,DESWDE023801,2,,
2023-07-15 21:42:06.583495+02:00,DESWDE019501,2,,
2023-07-15 21:42:06.583495+02:00,DESWDE019502,2,,
2023-07-15 21:42:07.122187+02:00,DESWDE036901,2,,
2023-07-15 21:42:07.122187+02:00,DESWDE036902,2,,
2023-07-15 21:52:20.154301+02:00,DESWDE024501,2,,
2023-07-15 21:52:20.154301+02:00,DESWDE024502,2,,
2023-07-15 21:52:20.154301+02:00,DESWDE024601,3,,
2023-07-15 21:52:20.154301+02:00,DESWDE024602,2,,
2023-07-15 21:52:20.735146+02:00,DESWDE037701,3,,
2023-07-15 21:52:20.735146+02:00,DESWDE037702,2,,
2023-07-15 21:52:20.735146+02:00,DESWDE037703,2,,
2023-07-15 21:52:20.735146+02:00,DESWDE037704,2,,
2023-07-15 21:52:21.287963+02:00,DESWDE000012101,3,,
2023-07-15 21:52:21.287963+02:00,DESWDE000012102,3,,
2023-07-15 21:52:21.846225+02:00,DESWDE023801,2,,
2023-07-15 21:52:22.399241+02:00,DESWDE019501,2,,
2023-07-15 21:52:22.399241+02:00,DESWDE019502,2,,
2023-07-15 21:52:22.906921+02:00,DESWDE036901,2,,
2023-07-15 21:52:22.906921+02:00,DESWDE036902,2,,
2023-07-15 22:08:01.550973+02:00,DESWDE024501,2,,
2023-07-15 22:08:01.550973+02:00,DESWDE024502,2,,
2023-07-15 22:08:01.550973+02:00,DESWDE024601,3,,
2023-07-15 22:08:01.550973+02:00,DESWDE024602,2,,
2023-07-15 22:08:02.297865+02:00,DESWDE037701,3,,
2023-07-15 22:08:02.297865+02:00,DESWDE037702,2,,
2023-07-15 22:08:02.297865+02:00,DESWDE037703,2,,
2023-07-15 22:08:02.297865+02:00,DESWDE037704,2,,
2023-07-15 22:08:02.955901+02:00,DESWDE000012101,3,,
2023-07-15 22:08:02.955901+02:00,DESWDE000012102,3,,
2023-07-15 22:08:04.393769+02:00,DESWDE023801,2,,
2023-07-15 22:08:05.116602+02:00,DESWDE019501,2,,
2023-07-15 22:08:05.116602+02:00,DESWDE019502,2,,
2023-07-15 22:08:05.843650+02:00,DESWDE036901,2,,
2023-07-15 22:08:05.843650+02:00,DESWDE036902,2,,
2023-07-15 22:22:10.240326+02:00,DESWDE024501,2,,
2023-07-15 22:22:10.240326+02:00,DESWDE024502,2,,
2023-07-15 22:22:10.240326+02:00,DESWDE024601,3,,
2023-07-15 22:22:10.240326+02:00,DESWDE024602,2,,
2023-07-15 22:22:10.792996+02:00,DESWDE037701,3,,
2023-07-15 22:22:10.792996+02:00,DESWDE037702,2,,
2023-07-15 22:22:10.792996+02:00,DESWDE037703,2,,
2023-07-15 22:22:10.792996+02:00,DESWDE037704,2,,
2023-07-15 22:22:11.356295+02:00,DESWDE000012101,3,,
2023-07-15 22:22:11.356295+02:00,DESWDE000012102,3,,
2023-07-15 22:22:11.923107+02:00,DESWDE023801,2,,
2023-07-15 22:22:12.476249+02:00,DESWDE019501,2,,
2023-07-15 22:22:12.476249+02:00,DESWDE019502,2,,
2023-07-15 22:22:13.049579+02:00,DESWDE036901,2,,
2023-07-15 22:22:13.049579+02:00,DESWDE036902,2,,
